{
  "src\\App.ts": 1776909371.8905337,
  "src\\index.ts": 1776824212.917454,
  "src\\main.ts": 1776822925.3702564,
  "src\\behavior\\index.ts": 1776820978.7717097,
  "src\\behavior\\PetBehavior.ts": 1776909371.892038,
  "src\\behavior\\animation\\AnimationMapping.ts": 1776775532.62405,
  "src\\behavior\\animation\\AnimationScheduler.ts": 1776821723.850382,
  "src\\behavior\\animation\\index.ts": 1776775370.3977127,
  "src\\behavior\\core\\index.ts": 1776775524.80358,
  "src\\behavior\\core\\PetState.ts": 1776775501.6627538,
  "src\\behavior\\core\\PetStateMachine.ts": 1776829939.0555458,
  "src\\behavior\\core\\StateTransition.ts": 1776775551.1714995,
  "src\\behavior\\interaction\\ChasingController.ts": 1776909371.8950293,
  "src\\behavior\\interaction\\index.ts": 1776775360.15285,
  "src\\behavior\\interaction\\InteractionHandler.ts": 1776909371.8965414,
  "src\\behavior\\interaction\\PettingController.ts": 1776772680.4532857,
  "src\\behavior\\movement\\index.ts": 1776775351.3069408,
  "src\\behavior\\movement\\MovementController.ts": 1776821741.6298351,
  "src\\behavior\\movement\\ScreenBoundDetector.ts": 1776775610.3925357,
  "src\\behavior\\movement\\WalkDirector.ts": 1776772610.0152946,
  "src\\core\\AppContainer.ts": 1776822379.2889688,
  "src\\core\\EventBus.ts": 1776771947.8607888,
  "src\\core\\index.ts": 1776824104.4202313,
  "src\\renderer\\index.ts": 1776824156.2544425,
  "src\\renderer\\pet\\index.ts": 1776822746.2385428,
  "src\\renderer\\pet\\PetAppearance.ts": 1776822646.5054283,
  "src\\renderer\\pet\\PetExpression.ts": 1776822647.5313172,
  "src\\renderer\\pet\\PetRenderer.ts": 1776822745.187014,
  "src\\renderer\\sprite\\FrameAnimator.ts": 1776822445.028178,
  "src\\renderer\\sprite\\index.ts": 1776822562.685014,
  "src\\renderer\\sprite\\SpriteRenderer.ts": 1776822561.651709,
  "src\\renderer\\sprite\\SpriteSheet.ts": 1776822424.2478504,
  "REFACTOR_PLAN.md": 1776752939.5746422,
  "TEST_PLAN.md": 1776771561.8728988,
  "graphify-out\\graph.html": 1776909439.489301,
  "graphify-out\\GRAPH_REPORT.md": 1776909439.4788616
}