{
  "vite.config.ts": 1776572510.0,
  "src\\drag.ts": 1776737244.0374994,
  "src\\main.ts": 1776649356.0,
  "src\\vite-env.d.ts": 1776567642.0,
  "src\\renderer\\PetBehavior.ts": 1776604638.0,
  "src\\renderer\\PetRenderer.ts": 1776583742.0,
  "src\\renderer\\SpriteRenderer.ts": 1776572528.0,
  "src\\renderer\\TimeManager.ts": 1776575214.0,
  "src-tauri\\build.rs": 1776567714.0,
  "src-tauri\\src\\commands.rs": 1776667132.609699,
  "src-tauri\\src\\database.rs": 1776572990.0,
  "src-tauri\\src\\lib.rs": 1776567926.0,
  "src-tauri\\src\\main.rs": 1776583316.0,
  "src-tauri\\src\\pet.rs": 1776567690.0,
  "src-tauri\\src\\tray.rs": 1776649620.0,
  "desktop-pet-plan.md": 1776575552.0,
  "index.html": 1776671360.1144357,
  "assets\\sprites\\generate-sprites.html": 1776572494.0,
  "src-tauri\\icons\\128x128.png": 1776570040.0,
  "src-tauri\\icons\\128x128@2x.png": 1776570040.0,
  "src-tauri\\icons\\256x256.png": 1776570040.0,
  "src-tauri\\icons\\32x32.png": 1776570040.0,
  "src-tauri\\icons\\icon.png": 1776567866.0
}